client_id,client_name,credential_id,name,enabled,application,markup,dynamic_commission,action_to_be_applied_(to_base),markup_after_action
691,Nexus,34487,Nexus B2C (Barbados) (ES),TRUE,traveltinohoteles,4,TRUE,0.3,4.3
695,TTH Travel Limited,34833,TTH_OtramsGO,TRUE,smyroomsae,3,TRUE,0.3,3.3
158,Altura,11127,Altura Paquete,TRUE,traveltinohoteles,4.5,TRUE,0.3,4.8
1671,3 FULL STEPS,34187,3 Full Steps Retail,TRUE,smyroomsae,4.5,TRUE,0.3,4.8
1644,Eastern Travel and Tours,33287,Eastern Travel and Tours,TRUE,smyroomsae,3.5,TRUE,0.3,3.8
1521,PRESTIGIA,31318,Prestigia,TRUE,smyroomsae,5,TRUE,0.3,5.3
1552,TRIP JACK,32703,TRIP JACK,TRUE,smyroomsae,4,TRUE,0.3,4.3
295,24x7 Rooms,33548,24x7 Rooms HotelX,TRUE,smyroomsae,8,FALSE,0.3,8.3
310,Go Global Travel LTD,6009,Go Global Travel,TRUE,traveltinohoteles,5.25,TRUE,0.3,5.55
332,Easy Market,11628,Easymarket_XTG,TRUE,smyroomsae,4.75,TRUE,0.2,4.95
332,Easy Market,11901,Easymarket_B2C,TRUE,smyroomsae,4.75,TRUE,0.2,4.95
1639,Adventures Kuwait,33275,Adventures Kuwait,TRUE,smyroomsae,2.5,FALSE,0.3,2.8
1764,BOOKOPRO,34020,BOOKOPRO,TRUE,smyroomsae,10,TRUE,0.3,10.3
1639,Adventures Kuwait,34298,ADVENTURES KUWAIT TCT,TRUE,smyroomsae,2.5,FALSE,0.3,2.8
820,Forerez,11406,Forerez Comapny wll kuwait,TRUE,smyroomsae,2.5,TRUE,0.3,2.8
1651,Ostrovok UAE,33327,Ostrovok UAE B2B,TRUE,smyroomsae,5,TRUE,0.3,5.3
1764,BOOKOPRO,34041,BOOKOPRO_Retail,TRUE,smyroomsae,10,TRUE,0.3,10.3
1764,BOOKOPRO,34052,BOOKOPRO_B2C,TRUE,smyroomsae,10,TRUE,0.3,10.3
126,Destinations Of The World,30712,Destinations of the World WH Retail,TRUE,smyroomsae,4.5,TRUE,0.3,4.8
126,Destinations Of The World,4875,Destinations Of The World AE,FALSE,smyroomsae,6,TRUE,0.3,6.3
814,Almosafer International Travel and Tourism,20702,Almosafer B2C,TRUE,smyroomsae,3.5,TRUE,0.3,3.8
879,Meituan,34847,MEITUAN_B2B,TRUE,smyroomsae,3,TRUE,0.2,3.2
254,Nirvana,34311,Nirvana_DP,TRUE,smyroomsae,4.25,TRUE,0.3,4.55
262,Ostrovok,20670,Ostrovok Mobile App ,TRUE,smyroomsae,5,FALSE,0.3,5.3
399,Fliggy,33897,Fliggy_B2B (Don´t use),FALSE,smyroomsae,3.5,FALSE,0.2,3.7
322,GRNCONNECT,34846,GRN-TEST,TRUE,smyroomsae,4.2,TRUE,0.3,4.5
1932,Hojuzat.com,34835,Hojuzat.com,TRUE,smyroomsae,4,TRUE,0.3,4.3
535,Hikari,34843,Hikari_B2C,TRUE,smyroomsae,3.5,TRUE,0.2,3.7
1446,PEAKPOINT,21531,Peakpoint_web,TRUE,smyroomsae,3.5,FALSE,0.3,3.8
1796,TRIPATHON,34147,TRIPATHON,TRUE,smyroomsae,2.5,TRUE,0.3,2.8
1712,VASDREAM.COM,33684,VASDREAM.COM,TRUE,smyroomsae,4,TRUE,0.3,4.3
754,IXPIRA,11015,IXPIRA Web,TRUE,smyroomsae,8,TRUE,0.2,8.2
126,Destinations Of The World,30715,Destinations of the World WH B2C,TRUE,smyroomsae,4.5,TRUE,0.3,4.8
814,Almosafer International Travel and Tourism,11357,Seera B2B,FALSE,smyroomsae,2.5,TRUE,0.3,2.8
1478,KEY OF THE WORLD TOURISM,30747,KEY OF THE WORLD TOURISM,TRUE,smyroomsae,3,TRUE,0.3,3.3
200,LCI-MTC,4919,LCI-MTC B2B,TRUE,traveltinohoteles,4,FALSE,0.3,4.3
200,LCI-MTC,9832,LCI-MTC Sensitive,TRUE,traveltinohoteles,4,FALSE,0.3,4.3
1555,NAUTALIA VIAJES,33036,Nautalia_766_LasRozas,FALSE,traveltinohoteles,5,TRUE,0.3,5.3
1927,A LUGARES Y DESTINOS,34803,A LUGARES Y DESTINOS,TRUE,traveltinohoteles,4,TRUE,0.3,4.3
875,Sembo,34844,Sembo Meta,TRUE,smyroomsae,4,TRUE,0.3,4.3
254,Nirvana,5227,NIRVANA OVER THE WORLD LLC (N.O.W.),TRUE,smyroomsae,4.25,TRUE,0.3,4.55
1796,TRIPATHON,34826,Tripathon_B2B,TRUE,smyroomsae,2.5,TRUE,0.3,2.8
1618,Bedsopia,33147,Bedsopia B2C,TRUE,smyroomsae,3,FALSE,0.3,3.3
1489,Bookingagora,34201,BookingAgora_Retail,TRUE,smyroomsae,3.5,FALSE,0.3,3.8
867,TOURMIND,34832,TOURMIND B2B - API Direct,TRUE,smyroomsae,3.5,TRUE,0.2,3.7
1555,NAUTALIA VIAJES,34764,Nautalia_891_OUTPLANT UNIVERSIDAD ALCALÁ DE HENARES,TRUE,traveltinohoteles,5,TRUE,0.3,5.3
518,Destination Italia,21985,Destination Italia B2C,TRUE,smyroomsae,4,TRUE,0.2,4.2
1424,Evolution Travel,21153,Evolution Travel,TRUE,smyroomsae,5,TRUE,0.3,5.3
298,Karavel,11196,Karavel_Flatfile,FALSE,smyroomsae,4.5,FALSE,0.3,4.8
1555,NAUTALIA VIAJES,33102,Nautalia_816_BTCPamplona,FALSE,traveltinohoteles,5,TRUE,0.3,5.3
1520,One Up Travel,31412,One Up Travel - Web ,FALSE,smyroomsae,4.7,TRUE,0.2,4.9
1520,One Up Travel,31413,One Up Travel - B2C,FALSE,smyroomsae,4.7,TRUE,0.2,4.9
1484,Smile Holidays,31393,Smile Holidays TCT,TRUE,smyroomsae,4.5,TRUE,0.3,4.8
1762,Hirondelle (ES),34010,Hirondelle (ES),TRUE,traveltinohoteles,3.5,TRUE,0.3,3.8
1918,Top Dest,34758,Top Dest,TRUE,traveltinohoteles,4,TRUE,0.3,4.3
1474,AIRTICKET GROUP,30710,AIRTICKET GROUP,TRUE,smyroomsae,5,TRUE,0.3,5.3
403,Dnata,34065,New DNATA B2B,TRUE,smyroomsae,4,TRUE,0.3,4.3
403,Dnata,34066,New DNATA UK Sensitive,TRUE,smyroomsae,4,TRUE,0.3,4.3
1916,Hashnap,34754,Hashnap_B2C,TRUE,traveltinohoteles,4,FALSE,0.3,4.3
1916,Hashnap,34755,Hashnap_B2B,TRUE,traveltinohoteles,4,FALSE,0.3,4.3
1671,3 FULL STEPS,34186,3 Full Steps B2C,TRUE,smyroomsae,4.5,TRUE,0.3,4.8
185,Travel Up,7785,Travel Up Hotels - Call Centre,TRUE,traveltinohoteles,4.4,TRUE,0.3,4.7
185,Travel Up,9806,Travel Up - CUG,TRUE,traveltinohoteles,3.7,TRUE,0.3,4
1916,Hashnap,34756,Hashnap_RETAIL,TRUE,traveltinohoteles,4,FALSE,0.3,4.3
1768,ARENA TOURIST,34035,ARENA TOURIST,TRUE,traveltinohoteles,4.5,TRUE,0.3,4.8
1629,Travellanda.,33206,Travellanda- B2B,TRUE,smyroomsae,5,TRUE,0.3,5.3
1629,Travellanda.,33208,Travellanda web B2B,TRUE,smyroomsae,5,TRUE,0.3,5.3
1920,Business Travel Bureau LLC,34770,Business Travel Bureau LLC,TRUE,smyroomsae,4,FALSE,0.3,4.3
298,Karavel,34706,Karavel Travelgate,FALSE,smyroomsae,4.5,TRUE,0.3,4.8
1555,NAUTALIA VIAJES,34468,Nautalia_888_INPLANT ABEX,TRUE,traveltinohoteles,5,TRUE,0.3,5.3
1901,BRIDGE TRAVEL SERVICES CLICNGO,34660,BRIDGE TRAVEL SERVICES CLICNGO,TRUE,smyroomsae,4,FALSE,0.3,4.3
1861,We Love To Travel,34711,We Love to Travel Sensitive,TRUE,traveltinohoteles,4,TRUE,0.3,4.3
1897,Tripnas,34646,Tripnas,TRUE,smyroomsae,4,TRUE,0.3,4.3
1555,NAUTALIA VIAJES,34655,Nautalia_889 - OUTPLANT KNAPP,TRUE,traveltinohoteles,5,TRUE,0.3,5.3
1555,NAUTALIA VIAJES,34656,Nautalia_890 - INPLANT ALTRA,TRUE,traveltinohoteles,5,TRUE,0.3,5.3
1808,HK CHANGYOU INTERNATIONAL,34654,HK CHANGYOU INTERNATIONAL BUSINESS - B2B2C,TRUE,smyroomsae,4,TRUE,0.2,4.2
288,Gattinoni,11404,Gattinoni_TC,TRUE,traveltinohoteles,3.5,TRUE,0.3,3.8
1861,We Love To Travel,34422,We Love to Travel,TRUE,traveltinohoteles,4,TRUE,0.3,4.3
1555,NAUTALIA VIAJES,34473,Nautalia_678_MAHONIA,TRUE,traveltinohoteles,5,TRUE,0.3,5.3
1488,G2 TRAVEL (FIT) LIMITED,34542,G2 Travel - B2B Retail,TRUE,smyroomsae,4.25,TRUE,0.3,4.55
1861,We Love To Travel,34466,We Love To Travel Wholesale,TRUE,traveltinohoteles,4,TRUE,0.3,4.3
1873,TravelBullz,34461,TravelBullz,TRUE,smyroomsae,4,TRUE,0.3,4.3
399,Fliggy,33896,Fliggy_B2B (Don´t use),FALSE,smyroomsae,3.5,FALSE,0.2,3.7
691,Nexus,34614,Nexus B2B PACKAGE RATES (Barbados) (ES),TRUE,traveltinohoteles,4,TRUE,0.3,4.3
338,Stayforlong,33284,Stayforlong Web,TRUE,traveltinohoteles,6,TRUE,0.3,6.3
310,Go Global Travel LTD,34694,Hpro_B2B,TRUE,traveltinohoteles,4,FALSE,0.3,4.3
165,World2Meet,34505,W2M_RET&PCK,TRUE,traveltinohoteles,5,TRUE,0.3,5.3
1894,BWT Operadora,34615,BWT OPERADORA,TRUE,traveltinohoteles,3.8,TRUE,0.3,4.1
1406,CN Travel,34680,CN Travel Travelgate,TRUE,traveltinohoteles,5,TRUE,0.3,5.3
1785,Book & Travel,34469,Book & Travel_Retail,TRUE,traveltinohoteles,4,FALSE,0.3,4.3
1890,Eturia,34618,Eturia (TGX),TRUE,traveltinohoteles,4,FALSE,0.3,4.3
1488,G2 TRAVEL (FIT) LIMITED,34543,G2 Travel - B2B2C OTA,TRUE,smyroomsae,4.25,TRUE,0.3,4.55
186,Nuitee,4982,Nuitee Travel B2C,TRUE,traveltinohoteles,5,TRUE,0.3,5.3
185,Travel Up,4321,Travel Up Hotels,TRUE,traveltinohoteles,4.2,TRUE,0.3,4.5
1873,TravelBullz,34510,Travelbullz_Retail,TRUE,smyroomsae,4,TRUE,0.3,4.3
310,Go Global Travel LTD,34695,Hpro_Retail,TRUE,traveltinohoteles,4,FALSE,0.3,4.3
310,Go Global Travel LTD,34693,Hpro_B2C,TRUE,traveltinohoteles,4,FALSE,0.3,4.3
1890,Eturia,34506,Eturia (TC),TRUE,traveltinohoteles,4,FALSE,0.3,4.3
1904,B.D.GRAIVER TOURISM SERVICES LTD,34697,B.D.GRAIVER TOURISM SERVICES LTD,TRUE,smyroomsae,4,TRUE,0.3,4.3
1898,Suntrips,34642,Suntrips,TRUE,traveltinohoteles,4,FALSE,0.3,4.3
1712,VASDREAM.COM,34641,VasDream_TravelCompositor,TRUE,smyroomsae,4,TRUE,0.3,4.3
691,Nexus,34486,Nexus (Barbados) (ES),TRUE,traveltinohoteles,4,TRUE,0.3,4.3
1860,DREAM & TRAVEL,34419,DREAM & TRAVEL,TRUE,traveltinohoteles,3.5,TRUE,0.3,3.8
1875,THE BUNDLE GROUP,34460,THE BUNDLE GROUP,TRUE,traveltinohoteles,3.5,TRUE,0.3,3.8
1555,NAUTALIA VIAJES,34467,Nautalia_799_Alava,TRUE,traveltinohoteles,5,TRUE,0.3,5.3
1461,BM Tours,34174,BM Tours (ES),TRUE,traveltinohoteles,4,FALSE,0.3,4.3
1440,Mapadinamics,21243,Mapadinamics,TRUE,traveltinohoteles,5,TRUE,0.3,5.3
814,Almosafer International Travel and Tourism,11358,Seera B2C,FALSE,smyroomsae,2.5,TRUE,0.3,2.8
1400,Cosmobeds,34030,Cosmobeds_B2C,TRUE,smyroomsae,3.5,TRUE,0.3,3.8
1753,Organización Piamonte,33958,Organización Piamonte,TRUE,traveltinohoteles,4.5,TRUE,0.3,4.8
1674,Orinter Tour and Travel,33500,Orinter Tour and Travel,TRUE,traveltinohoteles,5,TRUE,0.3,5.3
529,Pezzati Viajes,8414,Pezzati Viajes,TRUE,traveltinohoteles,4.7,TRUE,0.3,5
262,Ostrovok,20669,OSTROVOK METASEARCH,TRUE,smyroomsae,5,TRUE,0.3,5.3
162,Traventia,4506,Traventia,TRUE,traveltinohoteles,5,TRUE,0.3,5.3
262,Ostrovok,21172,OSTROVOK B2B TPS,TRUE,smyroomsae,5,TRUE,0.3,5.3
262,Ostrovok,33678,Ostrovok_CUG,TRUE,smyroomsae,5,TRUE,0.3,5.3
695,TTH Travel Limited,10882,TTH Travel Limited - Atharva,FALSE,smyroomsae,3.5,FALSE,0.3,3.8
910,EASYDREAM (ES),12082,EASY DREAM (ES),TRUE,traveltinohoteles,5,TRUE,0.3,5.3
695,TTH Travel Limited,10142,TTH Travel Limited,TRUE,smyroomsae,3,TRUE,0.3,3.3
166,Sololé,4174,Sololé,TRUE,traveltinohoteles,5,TRUE,0.3,5.3
1412,Bookaris,21008,Bookaris,TRUE,traveltinohoteles,6,TRUE,0.3,6.3
1398,B2BHOLIDAYS,30988,B2BHolidays_B2C,TRUE,smyroomsae,4.5,TRUE,0.3,4.8
1569,Saltours International Ltd,32792,Saltours International Ltd,FALSE,smyroomsae,3.5,FALSE,0.3,3.8
856,CENTRALDEVACACIONES.COM,33233,CENTRALDEVACACIONES.COM PACKAGE,TRUE,traveltinohoteles,5,TRUE,0.3,5.3
856,CENTRALDEVACACIONES.COM,11753,CENTRALDEVACACIONES.COM,TRUE,traveltinohoteles,5,TRUE,0.3,5.3
1529,RATONVIAJERO,33246,CholloVacaciones.com,TRUE,traveltinohoteles,6,TRUE,0.3,6.3
322,GRNCONNECT,30981,GRN_SEN,TRUE,smyroomsae,4.5,TRUE,0.3,4.8
155,Abreu,11156,ABREU RETAIL,TRUE,traveltinohoteles,4,TRUE,0.3,4.3
1789,Grupo Avoris,3610,"TRAVELSENS,SL.",TRUE,traveltinohoteles,4,TRUE,0.3,4.3
1789,Grupo Avoris,20689,Welcomebeds retail GTC,TRUE,traveltinohoteles,4,TRUE,0.3,4.3
1657,AD TURISMO,33367,AD TURISMO,TRUE,traveltinohoteles,4.1,TRUE,0.3,4.4
1539,ELITE BOOKING,31546,ELITE BOOKING,TRUE,smyroomsae,3,TRUE,0.3,3.3
174,Jumbo,11409,Jumbobeds,TRUE,traveltinohoteles,3.5,TRUE,0.3,3.8
174,Jumbo,3761,Jumbo Tours,TRUE,traveltinohoteles,3.5,TRUE,0.3,3.8
1555,NAUTALIA VIAJES,32877,Nautalia_229_Jerez,TRUE,traveltinohoteles,5,TRUE,0.3,5.3
1555,NAUTALIA VIAJES,32886,Nautalia_116_Basauri,TRUE,traveltinohoteles,5,TRUE,0.3,5.3
1555,NAUTALIA VIAJES,32887,Nautalia_125_LasArenas,TRUE,traveltinohoteles,5,TRUE,0.3,5.3
1555,NAUTALIA VIAJES,32896,Nautalia_212_Sevilla,TRUE,traveltinohoteles,5,TRUE,0.3,5.3
1555,NAUTALIA VIAJES,32898,Nautalia_120_Bilbao,TRUE,traveltinohoteles,5,TRUE,0.3,5.3
1555,NAUTALIA VIAJES,32899,Nautalia_119_Bilbao,TRUE,traveltinohoteles,5,TRUE,0.3,5.3
1481,Rida International Tourism and Travel,32584,Rida International Prtc,TRUE,smyroomsae,3,FALSE,0.3,3.3
1555,NAUTALIA VIAJES,32900,Nautalia_211_Sevilla,TRUE,traveltinohoteles,5,TRUE,0.3,5.3
126,Destinations Of The World,5047,Destinations Of The World AE XML,FALSE,smyroomsae,3.3,FALSE,0.3,3.6
298,Karavel,5905,Karavel,FALSE,traveltinohoteles,0,FALSE,0.3,0.3
288,Gattinoni,30635,GATTINONI_TC_B2C,FALSE,traveltinohoteles,4,TRUE,0.3,4.3
1555,NAUTALIA VIAJES,32901,Nautalia_137_Urretxu,TRUE,traveltinohoteles,5,TRUE,0.3,5.3
314,Within Earth Holidays,6026,Within Earth Holidays.,FALSE,smyroomsae,2,FALSE,0.2,2.2
185,Travel Up,9807,Travel Up - Account 2,FALSE,traveltinohoteles,4,TRUE,0.3,4.3
322,GRNCONNECT,6170,GRNCONNECT,TRUE,smyroomsae,4.5,TRUE,0.3,4.8
1713,Travel Associates Wholesalers,33718,Travel Associates Wholesalers,TRUE,traveltinohoteles,4.5,TRUE,0.3,4.8
1789,Grupo Avoris,3612,ALISIOS TOURS SL,TRUE,traveltinohoteles,4,TRUE,0.3,4.3
403,Dnata,34064,New DNATA B2C,TRUE,smyroomsae,4,TRUE,0.3,4.3
1555,NAUTALIA VIAJES,32903,Nautalia_234_Sevilla,TRUE,traveltinohoteles,5,TRUE,0.3,5.3
1555,NAUTALIA VIAJES,32904,Nautalia_777_Torremolinos,TRUE,traveltinohoteles,5,TRUE,0.3,5.3
1555,NAUTALIA VIAJES,32905,Nautalia_344_Huesca,TRUE,traveltinohoteles,5,TRUE,0.3,5.3
1555,NAUTALIA VIAJES,32907,Nautalia_343_Zaragoza,TRUE,traveltinohoteles,5,TRUE,0.3,5.3
1555,NAUTALIA VIAJES,32908,Nautalia_342_Zaragoza,TRUE,traveltinohoteles,5,TRUE,0.3,5.3
1555,NAUTALIA VIAJES,32912,Nautalia_330_Zaragoza,TRUE,traveltinohoteles,5,TRUE,0.3,5.3
1555,NAUTALIA VIAJES,32913,Nautalia_127_Eibar,TRUE,traveltinohoteles,5,TRUE,0.3,5.3
1555,NAUTALIA VIAJES,32915,Nautalia_334_Zaragoza,TRUE,traveltinohoteles,5,TRUE,0.3,5.3
1555,NAUTALIA VIAJES,32917,Nautalia_114_RenterÃ­a,TRUE,traveltinohoteles,5,TRUE,0.3,5.3
1555,NAUTALIA VIAJES,32919,Nautalia_317_Zaragoza,TRUE,traveltinohoteles,5,TRUE,0.3,5.3
1555,NAUTALIA VIAJES,32921,Nautalia_358_Valencia,TRUE,traveltinohoteles,5,TRUE,0.3,5.3
1555,NAUTALIA VIAJES,32922,Nautalia_528_Oviedo,TRUE,traveltinohoteles,5,TRUE,0.3,5.3
1555,NAUTALIA VIAJES,32926,Nautalia_535_Oviedo,TRUE,traveltinohoteles,5,TRUE,0.3,5.3
1555,NAUTALIA VIAJES,32927,Nautalia_524_Gijon,TRUE,traveltinohoteles,5,TRUE,0.3,5.3
1545,MakeMyTrip,32591,MakeMyTrip,TRUE,smyroomsae,3.5,TRUE,0.3,3.8
1521,PRESTIGIA,34045,Prestigia Organic,TRUE,smyroomsae,5,TRUE,0.3,5.3
1555,NAUTALIA VIAJES,32941,Nautalia_355_Vinaroz,TRUE,traveltinohoteles,5,TRUE,0.3,5.3
1555,NAUTALIA VIAJES,32948,Nautalia_656_LasPalmas,TRUE,traveltinohoteles,5,TRUE,0.3,5.3
1473,MORESAND,30731,MORESAND_B2B,TRUE,smyroomsae,4,TRUE,0.3,4.3
1473,MORESAND,33487,Moresand_Mobile,TRUE,smyroomsae,4,TRUE,0.3,4.3
186,Nuitee,4396,Nuitee Travel,TRUE,traveltinohoteles,5,TRUE,0.3,5.3
1555,NAUTALIA VIAJES,32951,Nautalia_322_Valencia,TRUE,traveltinohoteles,5,TRUE,0.3,5.3
1555,NAUTALIA VIAJES,32952,Nautalia_323_Valencia,TRUE,traveltinohoteles,5,TRUE,0.3,5.3
1555,NAUTALIA VIAJES,32965,Nautalia_329_Valencia,TRUE,traveltinohoteles,5,TRUE,0.3,5.3
1555,NAUTALIA VIAJES,32966,Nautalia_654_Cuenca,TRUE,traveltinohoteles,5,TRUE,0.3,5.3
1555,NAUTALIA VIAJES,32967,Nautalia_616_Guadalajara,TRUE,traveltinohoteles,5,TRUE,0.3,5.3
1555,NAUTALIA VIAJES,32969,Nautalia_632_Toledo,TRUE,traveltinohoteles,5,TRUE,0.3,5.3
1555,NAUTALIA VIAJES,32972,Nautalia_759_AlcazardeSanJuan,TRUE,traveltinohoteles,5,TRUE,0.3,5.3
1555,NAUTALIA VIAJES,32974,Nautalia_534_Avila,TRUE,traveltinohoteles,5,TRUE,0.3,5.3
1555,NAUTALIA VIAJES,32975,Nautalia_513_Burgos,TRUE,traveltinohoteles,5,TRUE,0.3,5.3
1465,PerfectStay,22077,PerfectStay,TRUE,traveltinohoteles,6,TRUE,0.3,6.3
1555,NAUTALIA VIAJES,32976,Nautalia_324_Valencia,TRUE,traveltinohoteles,5,TRUE,0.3,5.3
1555,NAUTALIA VIAJES,32977,Nautalia_313_Valencia,TRUE,traveltinohoteles,5,TRUE,0.3,5.3
1555,NAUTALIA VIAJES,32978,Nautalia_321_Valencia,TRUE,traveltinohoteles,5,TRUE,0.3,5.3
1555,NAUTALIA VIAJES,32981,Nautalia_328_Villareal,TRUE,traveltinohoteles,5,TRUE,0.3,5.3
1555,NAUTALIA VIAJES,32982,Nautalia_345_Castellon,TRUE,traveltinohoteles,5,TRUE,0.3,5.3
1555,NAUTALIA VIAJES,32983,Nautalia_347_Alcoy,TRUE,traveltinohoteles,5,TRUE,0.3,5.3
1555,NAUTALIA VIAJES,32984,Nautalia_512_Burgos,TRUE,traveltinohoteles,5,TRUE,0.3,5.3
1555,NAUTALIA VIAJES,32988,Nautalia_522_ArandaDeDuero,TRUE,traveltinohoteles,5,TRUE,0.3,5.3
1555,NAUTALIA VIAJES,32989,Nautalia_526_Leon,TRUE,traveltinohoteles,5,TRUE,0.3,5.3
198,Pelikaan Reizen,4313,Pelikaan Reizen,TRUE,traveltinohoteles,5,TRUE,0.3,5.3
871,Sembo,34194,Sembo Retail,TRUE,smyroomsae,4,TRUE,0.2,4.2
1555,NAUTALIA VIAJES,32879,Nautalia_218_Granada,TRUE,traveltinohoteles,5,TRUE,0.3,5.3
1555,NAUTALIA VIAJES,32990,Nautalia_529_Salamanca,TRUE,traveltinohoteles,5,TRUE,0.3,5.3
1555,NAUTALIA VIAJES,32991,Nautalia_516_Salamanca,TRUE,traveltinohoteles,5,TRUE,0.3,5.3
1726,DELFOS OPERADOR MAYORISTA,33874,DELFOS OPERADOR MAYORISTA,TRUE,traveltinohoteles,4.2,TRUE,0.3,4.5
1762,Hirondelle (ES),10827,Hirondelle,FALSE,traveltinohoteles,3.5,TRUE,0.3,3.8
1555,NAUTALIA VIAJES,32994,Nautalia_611_Segovia,TRUE,traveltinohoteles,5,TRUE,0.3,5.3
1555,NAUTALIA VIAJES,32995,Nautalia_314_Soria,TRUE,traveltinohoteles,5,TRUE,0.3,5.3
1555,NAUTALIA VIAJES,32996,Nautalia_517_Valladolid,TRUE,traveltinohoteles,5,TRUE,0.3,5.3
295,24x7 Rooms,32622,24x7 Rooms ZA,TRUE,smyroomsae,8,FALSE,0.3,8.3
1555,NAUTALIA VIAJES,32914,Nautalia_123_Irún,TRUE,traveltinohoteles,5,TRUE,0.3,5.3
1555,NAUTALIA VIAJES,32998,Nautalia_515_MedinaDelCampo,TRUE,traveltinohoteles,5,TRUE,0.3,5.3
1555,NAUTALIA VIAJES,32999,Nautalia_542_GruposValladolid,TRUE,traveltinohoteles,5,TRUE,0.3,5.3
1555,NAUTALIA VIAJES,33000,Nautalia_448_Barcelona,TRUE,traveltinohoteles,5,TRUE,0.3,5.3
1555,NAUTALIA VIAJES,33002,Nautalia_440_Barcelona,TRUE,traveltinohoteles,5,TRUE,0.3,5.3
310,Go Global Travel LTD,12034,Go Global_XML ,TRUE,traveltinohoteles,5.25,TRUE,0.3,5.55
283,Carrefour Viajes,12264,Travelcompositor_Carrefour,TRUE,traveltinohoteles,4.5,TRUE,0.3,4.8
164,TravTravel,4311,TravTravel,TRUE,traveltinohoteles,4,TRUE,0.3,4.3
1406,CN Travel,20979,CN Travel (NO USAR),FALSE,traveltinohoteles,4,TRUE,0.3,4.3
1406,CN Travel,33280,CN Travel,TRUE,traveltinohoteles,5,TRUE,0.3,5.3
1555,NAUTALIA VIAJES,33005,Nautalia_447_Barcelona,TRUE,traveltinohoteles,5,TRUE,0.3,5.3
1555,NAUTALIA VIAJES,33006,Nautalia_416_Barcelona,TRUE,traveltinohoteles,5,TRUE,0.3,5.3
1555,NAUTALIA VIAJES,33007,Nautalia_441_Barcelona,TRUE,traveltinohoteles,5,TRUE,0.3,5.3
1555,NAUTALIA VIAJES,33010,Nautalia_130_LogroÃ±o,TRUE,traveltinohoteles,5,TRUE,0.3,5.3
1555,NAUTALIA VIAJES,33012,Nautalia_121_LogroÃ±o,TRUE,traveltinohoteles,5,TRUE,0.3,5.3
1555,NAUTALIA VIAJES,33014,Nautalia_450_Barcelona,TRUE,traveltinohoteles,5,TRUE,0.3,5.3
1555,NAUTALIA VIAJES,33015,Nautalia_543_GruposVigo,TRUE,traveltinohoteles,5,TRUE,0.3,5.3
1555,NAUTALIA VIAJES,33017,Nautalia_541_Ferrol,TRUE,traveltinohoteles,5,TRUE,0.3,5.3
1555,NAUTALIA VIAJES,33018,Nautalia_455_Barcelona,TRUE,traveltinohoteles,5,TRUE,0.3,5.3
1789,Grupo Avoris,9824,ALISIOS B2C,TRUE,traveltinohoteles,4,TRUE,0.3,4.3
1789,Grupo Avoris,10205,MARSOL,TRUE,traveltinohoteles,6,TRUE,0.3,6.3
1789,Grupo Avoris,34236,Avoris Agencias,TRUE,traveltinohoteles,6,TRUE,0.3,6.3
165,World2Meet,20712,W2M NewBlue,TRUE,traveltinohoteles,5,TRUE,0.3,5.3
1555,NAUTALIA VIAJES,33019,Nautalia_539_Lugo,TRUE,traveltinohoteles,5,TRUE,0.3,5.3
1555,NAUTALIA VIAJES,33020,Nautalia_538_VilagarciaDeArousa,TRUE,traveltinohoteles,5,TRUE,0.3,5.3
1555,NAUTALIA VIAJES,33021,Nautalia_536_GruposACoruÃ±a,TRUE,traveltinohoteles,5,TRUE,0.3,5.3
1555,NAUTALIA VIAJES,33022,Nautalia_521_Vigo,TRUE,traveltinohoteles,5,TRUE,0.3,5.3
1555,NAUTALIA VIAJES,33024,Nautalia_511_ACoruÃ±a,TRUE,traveltinohoteles,5,TRUE,0.3,5.3
1555,NAUTALIA VIAJES,33073,Nautalia_606_Madrid,TRUE,traveltinohoteles,5,TRUE,0.3,5.3
1555,NAUTALIA VIAJES,33078,Nautalia_21_Madrid,TRUE,traveltinohoteles,5,TRUE,0.3,5.3
1555,NAUTALIA VIAJES,33097,Nautalia_810_EventosMadrid,TRUE,traveltinohoteles,5,TRUE,0.3,5.3
1555,NAUTALIA VIAJES,33098,Nautalia_789_SantCarlesDeLaRapita,TRUE,traveltinohoteles,5,TRUE,0.3,5.3
1555,NAUTALIA VIAJES,33099,Nautalia_812_BTCMadrid,TRUE,traveltinohoteles,5,TRUE,0.3,5.3
1555,NAUTALIA VIAJES,33100,Nautalia_814_BTCSevilla,TRUE,traveltinohoteles,5,TRUE,0.3,5.3
1555,NAUTALIA VIAJES,33101,Nautalia_815_BTCBilbao,TRUE,traveltinohoteles,5,TRUE,0.3,5.3
1555,NAUTALIA VIAJES,32942,Nautalia_354_Xativa,TRUE,traveltinohoteles,5,TRUE,0.3,5.3
1555,NAUTALIA VIAJES,32943,Nautalia_743_Onda,TRUE,traveltinohoteles,5,TRUE,0.3,5.3
1555,NAUTALIA VIAJES,32945,Nautalia_326_Torrent,TRUE,traveltinohoteles,5,TRUE,0.3,5.3
1555,NAUTALIA VIAJES,32947,Nautalia_331_Valencia,TRUE,traveltinohoteles,5,TRUE,0.3,5.3
488,Interep Brasil,8293,Interep Brasil,TRUE,traveltinohoteles,5.1,TRUE,0.3,5.4
1555,NAUTALIA VIAJES,32979,Nautalia_339_Cartagena,TRUE,traveltinohoteles,5,TRUE,0.3,5.3
1555,NAUTALIA VIAJES,32980,Nautalia_338_Murcia,TRUE,traveltinohoteles,5,TRUE,0.3,5.3
170,British Airways Holidays,4455,British Airways Holidays,TRUE,traveltinohoteles,3,TRUE,0.3,3.3
1851,TIP TRAVEL BUREAU,34319,TIP TRAVEL BUREAU,TRUE,traveltinohoteles,4.3,TRUE,0.3,4.6
1769,Travel Store,34043,Travel Store,TRUE,traveltinohoteles,4.1,TRUE,0.3,4.4
338,Stayforlong,22003,Stayforlong Prime,TRUE,traveltinohoteles,6,TRUE,0.3,6.3
871,Sembo,11896,Sembo,TRUE,smyroomsae,4,TRUE,0.2,4.2
871,Sembo,34193,Sembo B2B,TRUE,smyroomsae,4,TRUE,0.2,4.2
1555,NAUTALIA VIAJES,33025,Nautalia_628_Plasencia,TRUE,traveltinohoteles,5,TRUE,0.3,5.3
1555,NAUTALIA VIAJES,33028,Nautalia_674_ArgandaDelRey,TRUE,traveltinohoteles,5,TRUE,0.3,5.3
1555,NAUTALIA VIAJES,33029,Nautalia_435_SantCugatDelValles,TRUE,traveltinohoteles,5,TRUE,0.3,5.3
1555,NAUTALIA VIAJES,33026,Nautalia_445_MolletDelValles,TRUE,traveltinohoteles,5,TRUE,0.3,5.3
1555,NAUTALIA VIAJES,33030,Nautalia_424_BarberaDelValles,TRUE,traveltinohoteles,5,TRUE,0.3,5.3
1555,NAUTALIA VIAJES,33027,Nautalia_785_Aranjuez,TRUE,traveltinohoteles,5,TRUE,0.3,5.3
1555,NAUTALIA VIAJES,33032,Nautalia_434_Tarrasa,TRUE,traveltinohoteles,5,TRUE,0.3,5.3
1555,NAUTALIA VIAJES,33071,Nautalia_665_Madrid,TRUE,traveltinohoteles,5,TRUE,0.3,5.3
1555,NAUTALIA VIAJES,33033,Nautalia_771_Parla,TRUE,traveltinohoteles,5,TRUE,0.3,5.3
1555,NAUTALIA VIAJES,33034,Nautalia_442_Manresa,TRUE,traveltinohoteles,5,TRUE,0.3,5.3
1555,NAUTALIA VIAJES,33037,Nautalia_672_GruposMadrid,TRUE,traveltinohoteles,5,TRUE,0.3,5.3
1555,NAUTALIA VIAJES,33038,Nautalia_635_Madrid,TRUE,traveltinohoteles,5,TRUE,0.3,5.3
219,Travelor,11120,Travelor - B2B,TRUE,traveltinohoteles,5,TRUE,0.3,5.3
258,Tailorbeds,34000,Tailorbeds HT,TRUE,traveltinohoteles,4.5,TRUE,0.3,4.8
155,Abreu,4194,Abreu,TRUE,traveltinohoteles,4,TRUE,0.3,4.3
1555,NAUTALIA VIAJES,33039,Nautalia_425_Mataro,TRUE,traveltinohoteles,5,TRUE,0.3,5.3
1555,NAUTALIA VIAJES,33040,Nautalia_671_GruposSanSebastianDeLosReyes,TRUE,traveltinohoteles,5,TRUE,0.3,5.3
1555,NAUTALIA VIAJES,33041,Nautalia_670_GruposMostoles,TRUE,traveltinohoteles,5,TRUE,0.3,5.3
1555,NAUTALIA VIAJES,33058,Nautalia_653_Madrid,TRUE,traveltinohoteles,5,TRUE,0.3,5.3
1555,NAUTALIA VIAJES,33064,Nautalia_657_Madrid,TRUE,traveltinohoteles,5,TRUE,0.3,5.3
1618,Bedsopia,33148,Bedsopia Retail,TRUE,smyroomsae,3,FALSE,0.3,3.3
1463,Sidetours Incoming Services,22055,Sidetours Incoming Services,TRUE,traveltinohoteles,6,TRUE,0.3,6.3
196,Sunhotels EU,30700,Sunhotels WH B2B,TRUE,traveltinohoteles,4.5,TRUE,0.3,4.8
1463,Sidetours Incoming Services,22075,Sidetours B2B,TRUE,traveltinohoteles,6,TRUE,0.3,6.3
1555,NAUTALIA VIAJES,32876,Nautalia_217_Algeciras,TRUE,traveltinohoteles,5,TRUE,0.3,5.3
298,Karavel,5907,Karavel,FALSE,traveltinohoteles,0,FALSE,0.3,0.3
1529,RATONVIAJERO,33245,NewCoTravelRetail,TRUE,traveltinohoteles,6,TRUE,0.3,6.3
1555,NAUTALIA VIAJES,32888,Nautalia_214_Huelva,TRUE,traveltinohoteles,5,TRUE,0.3,5.3
1555,NAUTALIA VIAJES,32889,Nautalia_219_Jaen,TRUE,traveltinohoteles,5,TRUE,0.3,5.3
1555,NAUTALIA VIAJES,32892,Nautalia_233_Malaga,TRUE,traveltinohoteles,5,TRUE,0.3,5.3
1555,NAUTALIA VIAJES,32895,Nautalia_747_Mijas,TRUE,traveltinohoteles,5,TRUE,0.3,5.3
1555,NAUTALIA VIAJES,33104,Nautalia_819_BTCLasPalmas,TRUE,traveltinohoteles,5,TRUE,0.3,5.3
1555,NAUTALIA VIAJES,33105,Nautalia_878_OutplantDominionBilbao,TRUE,traveltinohoteles,5,TRUE,0.3,5.3
1555,NAUTALIA VIAJES,33106,Nautalia_820_BTCCastellon,TRUE,traveltinohoteles,5,TRUE,0.3,5.3
1555,NAUTALIA VIAJES,33113,Nautalia_838_ImplantVidralaLlodio,TRUE,traveltinohoteles,5,TRUE,0.3,5.3
1555,NAUTALIA VIAJES,33685,Nautalia_795_Granada,TRUE,traveltinohoteles,5,TRUE,0.3,5.3
1555,NAUTALIA VIAJES,33696,Nautalia_796_Fuengirola,TRUE,traveltinohoteles,5,TRUE,0.3,5.3
1555,NAUTALIA VIAJES,33949,Nautalia_885_OUTPLANT UPM,TRUE,traveltinohoteles,5,TRUE,0.3,5.3
1529,RATONVIAJERO,31454,RATONVIAJERO,TRUE,traveltinohoteles,6,TRUE,0.3,6.3
1555,NAUTALIA VIAJES,32946,Nautalia_325_Puerto de Sagunto,TRUE,traveltinohoteles,5,TRUE,0.3,5.3
1789,Grupo Avoris,4369,Welcomebeds GBT,TRUE,traveltinohoteles,6.5,TRUE,0.3,6.8
1789,Grupo Avoris,4368,Welcomebeds GTC,TRUE,traveltinohoteles,6.5,TRUE,0.3,6.8
1555,NAUTALIA VIAJES,33950,Nautalia_884_INPLANT ALCAMPO,TRUE,traveltinohoteles,5,TRUE,0.3,5.3
1555,NAUTALIA VIAJES,34051,Nautalia_886_Barcelona,TRUE,traveltinohoteles,5,TRUE,0.3,5.3
1555,NAUTALIA VIAJES,34059,Nautalia_544_ACoruÃ±a,TRUE,traveltinohoteles,5,TRUE,0.3,5.3
1555,NAUTALIA VIAJES,34237,Nautalia_887_INPLANT CGPJ,TRUE,traveltinohoteles,5,TRUE,0.3,5.3
1555,NAUTALIA VIAJES,34238,Nautalia_147_Navarra,TRUE,traveltinohoteles,5,TRUE,0.3,5.3
1555,NAUTALIA VIAJES,34301,Nautalia_798_Rivas Vaciamadrid,TRUE,traveltinohoteles,5,TRUE,0.3,5.3
1555,NAUTALIA VIAJES,34302,Nautalia_148_Arrasate - Mondragón,TRUE,traveltinohoteles,5,TRUE,0.3,5.3
1555,NAUTALIA VIAJES,34303,Nautalia_883_IMPLANTVISCOFA,TRUE,traveltinohoteles,5,TRUE,0.3,5.3
301,Top Atlantico DMC,5943,Top Atlantico DMC,TRUE,traveltinohoteles,4.75,TRUE,0.3,5.05
163,Veturis,3713,Veturis Travel,TRUE,traveltinohoteles,5.5,FALSE,0.3,5.8
163,Veturis,6015,Veturis B2C,TRUE,traveltinohoteles,6,FALSE,0.3,6.3
163,Veturis,11730,QUEHOT,TRUE,traveltinohoteles,6,FALSE,0.3,6.3
163,Veturis,11731,QUEHOT B2BXML-H,TRUE,traveltinohoteles,6,FALSE,0.3,6.3
163,Veturis,11732,QUEHOT B2BXML-L,TRUE,traveltinohoteles,5.5,FALSE,0.3,5.8
196,Sunhotels EU,4118,SunHotels,FALSE,traveltinohoteles,6,TRUE,0.3,6.3
1789,Grupo Avoris,20690,Welcomebeds retail GBT,TRUE,traveltinohoteles,4,TRUE,0.3,4.3
1555,NAUTALIA VIAJES,32986,Nautalia_319_Elche,TRUE,traveltinohoteles,5,TRUE,0.3,5.3
1555,NAUTALIA VIAJES,32987,Nautalia_320_Elche,TRUE,traveltinohoteles,5,TRUE,0.3,5.3
1745,Mengtu Travel,33929,Mengtu Travel,TRUE,smyroomsae,3.5,TRUE,0.2,3.7
867,TOURMIND,11836,TourMind_B2B,TRUE,smyroomsae,4,TRUE,0.2,4.2
399,Fliggy,8097,Fliggy,TRUE,smyroomsae,3.5,TRUE,0.2,3.7
658,Letsfly Limited,8924,Letsfly Limited B2C,TRUE,smyroomsae,4,TRUE,0.2,4.2
658,Letsfly Limited,33529,LETSFLY LIMITED_B2B,TRUE,smyroomsae,3.5,TRUE,0.2,3.7
623,MG BEDBANK,9014,MG Bedbank II,TRUE,smyroomsae,4,TRUE,0.2,4.2
1521,PRESTIGIA,32713,Prestigia B2B,TRUE,smyroomsae,5,TRUE,0.3,5.3
1576,Ottila UAE,32811,OTTILA DMCC,TRUE,smyroomsae,4.2,TRUE,0.3,4.5
196,Sunhotels EU,30697,Sunhotels WH Retail,TRUE,traveltinohoteles,4.5,TRUE,0.3,4.8
196,Sunhotels EU,30698,Sunhotels WH B2C,TRUE,traveltinohoteles,4.5,TRUE,0.3,4.8
1555,NAUTALIA VIAJES,32956,Nautalia_134_Santander,TRUE,traveltinohoteles,5,TRUE,0.3,5.3
899,CIT,11974,CIT,TRUE,smyroomsae,5,TRUE,0.2,5.2
899,CIT,33456,CIT_B2C,TRUE,smyroomsae,5,TRUE,0.2,5.2
319,Riya Holidays,32823,Riya Holidays New,TRUE,smyroomsae,4.5,TRUE,0.3,4.8
899,CIT,33887,CIT B2B CUG,TRUE,smyroomsae,5,TRUE,0.2,5.2
1629,Travellanda.,33205,Travellanda- B2C,TRUE,smyroomsae,3,TRUE,0.3,3.3
1518,AKBAR TRAVELS ONLINE (FZE),33142,Akbarnew_FZE,TRUE,smyroomsae,4,TRUE,0.3,4.3
899,CIT,34140,HUIZHI-B2C,TRUE,smyroomsae,4,TRUE,0.2,4.2
1555,NAUTALIA VIAJES,33031,Nautalia_418_Tarrasa,TRUE,traveltinohoteles,5,TRUE,0.3,5.3
1484,Smile Holidays,33260,Smile Holidays_Retail,FALSE,smyroomsae,3,FALSE,0.3,3.3
899,CIT,34142,HUIZHI-B2B,TRUE,smyroomsae,4,TRUE,0.2,4.2
899,CIT,34144,HUIZHI-B2B CUG,TRUE,smyroomsae,4,TRUE,0.2,4.2
1671,3 FULL STEPS,33491,3 Full Steps,TRUE,smyroomsae,4.5,TRUE,0.3,4.8
1651,Ostrovok UAE,33330,Ostrovok UAE Retail,TRUE,smyroomsae,5,TRUE,0.3,5.3
879,Meituan,33328,Meituan_AGO,FALSE,smyroomsae,3.5,FALSE,0.2,3.7
1664,Etrav.in,33417,Etrav.in,TRUE,smyroomsae,4,FALSE,0.3,4.3
1555,NAUTALIA VIAJES,33042,Nautalia_666_Madrid,TRUE,traveltinohoteles,5,TRUE,0.3,5.3
1555,NAUTALIA VIAJES,33046,Nautalia_623_Mostoles,TRUE,traveltinohoteles,5,TRUE,0.3,5.3
1555,NAUTALIA VIAJES,33057,Nautalia_621_SanSebastianDeLosReyes,TRUE,traveltinohoteles,5,TRUE,0.3,5.3
1555,NAUTALIA VIAJES,33083,Nautalia_659_Madrid,TRUE,traveltinohoteles,5,TRUE,0.3,5.3
1555,NAUTALIA VIAJES,33085,Nautalia_415_EspluguesDeLlobregat,TRUE,traveltinohoteles,5,TRUE,0.3,5.3
1555,NAUTALIA VIAJES,33087,Nautalia_644_Madrid,TRUE,traveltinohoteles,5,TRUE,0.3,5.3
1555,NAUTALIA VIAJES,33092,Nautalia_920_Madrid,TRUE,traveltinohoteles,5,TRUE,0.3,5.3
1555,NAUTALIA VIAJES,33053,Nautalia_625_TorrejonDeArdoz,TRUE,traveltinohoteles,5,TRUE,0.3,5.3
1555,NAUTALIA VIAJES,33093,Nautalia_439_Tortosa,TRUE,traveltinohoteles,5,TRUE,0.3,5.3
1702,GTbeds.com,33624,GTbeds.com,TRUE,smyroomsae,4,FALSE,0.3,4.3
1555,NAUTALIA VIAJES,33096,Nautalia_411_Amposta,TRUE,traveltinohoteles,5,TRUE,0.3,5.3
1779,GUARANTEE TRAVEL DMCC,34081,GUARANTEE TRAVEL DMCC,TRUE,smyroomsae,3.5,FALSE,0.3,3.8
535,Hikari,32672,Hikari,TRUE,smyroomsae,3,TRUE,0.2,3.2
1808,HK CHANGYOU INTERNATIONAL,34173,HK CHANGYOU INTERNATIONAL BUSINESS,TRUE,smyroomsae,4,TRUE,0.2,4.2
186,Nuitee,8733,Nuitee - Package Rates,TRUE,traveltinohoteles,5,TRUE,0.3,5.3
1555,NAUTALIA VIAJES,33108,Nautalia_823_ImplantEsmalglassVillareal,TRUE,traveltinohoteles,5,TRUE,0.3,5.3
1555,NAUTALIA VIAJES,33109,Nautalia_877_EventosDeportivosMadrid,TRUE,traveltinohoteles,5,TRUE,0.3,5.3
1555,NAUTALIA VIAJES,33110,Nautalia_825_BTCZaragoza,TRUE,traveltinohoteles,5,TRUE,0.3,5.3
1555,NAUTALIA VIAJES,33111,Nautalia_835_BTCBarcelona,TRUE,traveltinohoteles,5,TRUE,0.3,5.3
1555,NAUTALIA VIAJES,33112,Nautalia_876_OfcMadrid,TRUE,traveltinohoteles,5,TRUE,0.3,5.3
1853,LY.COM(TONGCHENG),34332,LY.COM(TONGCHENG),TRUE,smyroomsae,4,TRUE,0.2,4.2
283,Carrefour Viajes,6193,Viajes Carrefour B2C,TRUE,traveltinohoteles,4.5,TRUE,0.3,4.8
1751,ANDASUN,33940,ANDASUN,TRUE,smyroomsae,3.5,TRUE,0.3,3.8
295,24x7 Rooms,5895,24x7 Rooms,TRUE,smyroomsae,8,FALSE,0.3,8.3
319,Riya Holidays,6083,Riya Holidays,TRUE,smyroomsae,3.5,TRUE,0.3,3.8
1555,NAUTALIA VIAJES,33114,Nautalia_858_BTCMalaga,TRUE,traveltinohoteles,5,TRUE,0.3,5.3
1555,NAUTALIA VIAJES,33115,Nautalia_840_OutplantAernnovaBilbao,TRUE,traveltinohoteles,5,TRUE,0.3,5.3
1555,NAUTALIA VIAJES,33116,Nautalia_863_ImplantUCMMadrid,TRUE,traveltinohoteles,5,TRUE,0.3,5.3
403,Dnata,8118,DNATA B2C UK/IE,FALSE,smyroomsae,4,TRUE,0.3,4.3
403,Dnata,8119,DNATA B2C,FALSE,smyroomsae,4,TRUE,0.3,4.3
754,IXPIRA,11017,IXPIRA B2B,TRUE,smyroomsae,8,TRUE,0.2,8.2
754,IXPIRA,11018,IXPIRA B2C,TRUE,smyroomsae,8,TRUE,0.2,8.2
322,GRNCONNECT,11212,GRN-CUG,TRUE,smyroomsae,4.5,TRUE,0.3,4.8
246,Hoojoozat,11221,Hoojoozat B2C,TRUE,smyroomsae,3,FALSE,0.3,3.3
655,SEE DUBAI TOURS,8867,SEE DUBAI TOURS,TRUE,smyroomsae,3,TRUE,0.3,3.3
1454,Reslounge,21915,Reslounge,TRUE,smyroomsae,3.5,TRUE,0.2,3.7
1590,SLOVENIA VACATION,32837,SLOVENIA VACATION,TRUE,smyroomsae,4.5,TRUE,0.2,4.7
1785,Book & Travel,34107,Book & Travel_Package,TRUE,traveltinohoteles,4,FALSE,0.3,4.3
1555,NAUTALIA VIAJES,33120,Nautalia_874_OutplantBabcockMadrid,TRUE,traveltinohoteles,5,TRUE,0.3,5.3
295,24x7 Rooms,8273,24x7 Rooms WEB,TRUE,smyroomsae,8,FALSE,0.3,8.3
1785,Book & Travel,34109,Book & Travel_B2C,TRUE,traveltinohoteles,4,FALSE,0.3,4.3
1555,NAUTALIA VIAJES,33427,Nautalia_677_Fuenlabrada,TRUE,traveltinohoteles,5,TRUE,0.3,5.3
1555,NAUTALIA VIAJES,33428,Nautalia_676_Madrid,TRUE,traveltinohoteles,5,TRUE,0.3,5.3
1555,NAUTALIA VIAJES,33432,Nautalia_881_INPLANT OBRAMAT,TRUE,traveltinohoteles,5,TRUE,0.3,5.3
1555,NAUTALIA VIAJES,33538,Nautalia_882_OutplantPowerElectronics,TRUE,traveltinohoteles,5,TRUE,0.3,5.3
403,Dnata,8120,DNATA B2B,FALSE,smyroomsae,4,TRUE,0.3,4.3
403,Dnata,8121,YALAGO,TRUE,smyroomsae,4.5,TRUE,0.3,4.8
316,Dubai Link,8343,Dubai Link II,TRUE,smyroomsae,4.5,FALSE,0.3,4.8
517,Booking express,8356,Booking Express Travel,TRUE,smyroomsae,3,TRUE,0.3,3.3
535,Hikari,8389,HikariGlobal,FALSE,smyroomsae,2.9,FALSE,0.2,3.1
526,CN Travel Group,8374,CN Travel Group (CH),TRUE,smyroomsae,3.5,TRUE,0.2,3.7
518,Destination Italia,8357,Destination Italia,TRUE,smyroomsae,4,TRUE,0.2,4.2
534,All of America,8388,All of America,TRUE,smyroomsae,4,TRUE,0.3,4.3
1765,PERFECT TOUR,34021,PERFECT TOUR,TRUE,traveltinohoteles,5,TRUE,0.3,5.3
1555,NAUTALIA VIAJES,33889,Nautalia_360_Valencia,TRUE,traveltinohoteles,5,TRUE,0.3,5.3
165,World2Meet,4115,W2M DMC_B2B (NT Incoming),TRUE,traveltinohoteles,5,TRUE,0.3,5.3
298,Karavel,5908,Karavel,TRUE,smyroomsae,4.5,TRUE,0.3,4.8
562,Unitravel,8467,UniTravel,TRUE,smyroomsae,3.3,TRUE,0.2,3.5
571,myGO,8515,MyGO GROUP,TRUE,smyroomsae,5,TRUE,0.3,5.3
1555,NAUTALIA VIAJES,32715,NAUTALIA VIAJES TEST,TRUE,traveltinohoteles,5,TRUE,0.3,5.3
1555,NAUTALIA VIAJES,33008,Nautalia_430_Barcelona,TRUE,traveltinohoteles,5,TRUE,0.3,5.3
332,Easy Market,6175,Easy Market,FALSE,smyroomsae,5,TRUE,0.2,5.2
1489,Bookingagora,30841,Bookingagora,TRUE,smyroomsae,3.5,FALSE,0.3,3.8
1555,NAUTALIA VIAJES,32953,Nautalia_351_Valencia,TRUE,traveltinohoteles,5,TRUE,0.3,5.3
1555,NAUTALIA VIAJES,32955,Nautalia_648_SantaCruzDeTenerife,TRUE,traveltinohoteles,5,TRUE,0.3,5.3
1488,G2 TRAVEL (FIT) LIMITED,30834,G2 Travel (FIT) Limited.,TRUE,smyroomsae,4.25,TRUE,0.3,4.55
1555,NAUTALIA VIAJES,32960,Nautalia_126_Torrelavega,TRUE,traveltinohoteles,5,TRUE,0.3,5.3
1555,NAUTALIA VIAJES,32962,Nautalia_112_CastroUrdiales,TRUE,traveltinohoteles,5,TRUE,0.3,5.3
1555,NAUTALIA VIAJES,32963,Nautalia_332_Albacete,TRUE,traveltinohoteles,5,TRUE,0.3,5.3
1555,NAUTALIA VIAJES,32964,Nautalia_643_CiudadReal,TRUE,traveltinohoteles,5,TRUE,0.3,5.3
864,GBN TRAVEL,11787,GBN TRAVEL,TRUE,traveltinohoteles,6,TRUE,0.3,6.3
1520,One Up Travel,31290,One Up Travel,TRUE,smyroomsae,4.5,TRUE,0.2,4.7
332,Easy Market,31316,Easymarket_traffic,TRUE,smyroomsae,4.75,TRUE,0.2,4.95
399,Fliggy,33895,Fliggy_B2B,TRUE,smyroomsae,3.5,TRUE,0.2,3.7
296,Ezeerooms,31220,WBE_Ezeerooms,TRUE,smyroomsae,3,TRUE,0.3,3.3
1473,MORESAND,31166,Crystal Travel B2B,TRUE,smyroomsae,3.5,TRUE,0.3,3.8
1473,MORESAND,31167,Crystal Travel B2C,TRUE,smyroomsae,3.5,TRUE,0.3,3.8
1555,NAUTALIA VIAJES,33059,Nautalia_712_Navalcarnero,TRUE,traveltinohoteles,5,TRUE,0.3,5.3
1555,NAUTALIA VIAJES,33060,Nautalia_615_Villalba,TRUE,traveltinohoteles,5,TRUE,0.3,5.3
1555,NAUTALIA VIAJES,33061,Nautalia_661_PozueloDeAlarcon,TRUE,traveltinohoteles,5,TRUE,0.3,5.3
1400,Cosmobeds,31366,CosmoBeds B2B2C,TRUE,smyroomsae,4,TRUE,0.3,4.3
1555,NAUTALIA VIAJES,33062,Nautalia_639_Madrid,TRUE,traveltinohoteles,5,TRUE,0.3,5.3
1555,NAUTALIA VIAJES,33063,Nautalia_619_Majadahonda,TRUE,traveltinohoteles,5,TRUE,0.3,5.3
1555,NAUTALIA VIAJES,33065,Nautalia_645_Alcobendas,TRUE,traveltinohoteles,5,TRUE,0.3,5.3
1555,NAUTALIA VIAJES,33066,Nautalia_633_Madrid,TRUE,traveltinohoteles,5,TRUE,0.3,5.3
1555,NAUTALIA VIAJES,33067,Nautalia_443_ElPratDeLlobregat,TRUE,traveltinohoteles,5,TRUE,0.3,5.3
1555,NAUTALIA VIAJES,33049,Nautalia_629_Getafe,TRUE,traveltinohoteles,5,TRUE,0.3,5.3
1555,NAUTALIA VIAJES,33050,Nautalia_419_OlesaDeMontserrat,TRUE,traveltinohoteles,5,TRUE,0.3,5.3
1555,NAUTALIA VIAJES,33051,Nautalia_421_Igualada,TRUE,traveltinohoteles,5,TRUE,0.3,5.3
1555,NAUTALIA VIAJES,33052,Nautalia_618_Getafe,TRUE,traveltinohoteles,5,TRUE,0.3,5.3
1555,NAUTALIA VIAJES,33055,Nautalia_420_Martorell,TRUE,traveltinohoteles,5,TRUE,0.3,5.3
1555,NAUTALIA VIAJES,33056,Nautalia_660_TresCantos,TRUE,traveltinohoteles,5,TRUE,0.3,5.3
1555,NAUTALIA VIAJES,33075,Nautalia_433_HospitaletDeLlobregat,TRUE,traveltinohoteles,5,TRUE,0.3,5.3
1555,NAUTALIA VIAJES,33076,Nautalia_414_Badalona,TRUE,traveltinohoteles,5,TRUE,0.3,5.3
1555,NAUTALIA VIAJES,33079,Nautalia_649_Madrid,TRUE,traveltinohoteles,5,TRUE,0.3,5.3
1555,NAUTALIA VIAJES,33081,Nautalia_422_CornellaDeLlobregat,TRUE,traveltinohoteles,5,TRUE,0.3,5.3
1555,NAUTALIA VIAJES,33082,Nautalia_637_Madrid,TRUE,traveltinohoteles,5,TRUE,0.3,5.3
1555,NAUTALIA VIAJES,33086,Nautalia_626_Madrid,TRUE,traveltinohoteles,5,TRUE,0.3,5.3
1555,NAUTALIA VIAJES,33088,Nautalia_631_Madrid,TRUE,traveltinohoteles,5,TRUE,0.3,5.3
1555,NAUTALIA VIAJES,33090,Nautalia_664_Madrid,TRUE,traveltinohoteles,5,TRUE,0.3,5.3
1555,NAUTALIA VIAJES,33069,Nautalia_617_Madrid,TRUE,traveltinohoteles,5,TRUE,0.3,5.3
1555,NAUTALIA VIAJES,33070,Nautalia_417_SantBoiDeLlobregat,TRUE,traveltinohoteles,5,TRUE,0.3,5.3
1555,NAUTALIA VIAJES,33091,Nautalia_636_Madrid,TRUE,traveltinohoteles,5,TRUE,0.3,5.3
1555,NAUTALIA VIAJES,33072,Nautalia_413_HospitaletDeLlobregat,TRUE,traveltinohoteles,5,TRUE,0.3,5.3
1555,NAUTALIA VIAJES,33074,Nautalia_94_Madrid,TRUE,traveltinohoteles,5,TRUE,0.3,5.3
1518,AKBAR TRAVELS ONLINE (FZE),31285,AKBAR TRAVELS ONLINE (FZE),TRUE,smyroomsae,4,TRUE,0.3,4.3
1555,NAUTALIA VIAJES,33124,Nautalia_868_EventosBarcelona,TRUE,traveltinohoteles,5,TRUE,0.3,5.3
1555,NAUTALIA VIAJES,33125,Nautalia_873_ImplantDeustoBilbao,TRUE,traveltinohoteles,5,TRUE,0.3,5.3
1555,NAUTALIA VIAJES,33129,Nautalia_811_BusinessSupportMadrid,TRUE,traveltinohoteles,5,TRUE,0.3,5.3
1617,AMADEUS,33143,Amadeus B2B,TRUE,traveltinohoteles,3.5,TRUE,0.3,3.8
1617,AMADEUS,33144,Amadeus B2C,TRUE,traveltinohoteles,3.5,TRUE,0.3,3.8
1555,NAUTALIA VIAJES,33117,Nautalia_846_ImplantGlobalPraxisBarcelona,TRUE,traveltinohoteles,5,TRUE,0.3,5.3
1555,NAUTALIA VIAJES,33118,Nautalia_875_OutplantRoviMadrid,TRUE,traveltinohoteles,5,TRUE,0.3,5.3
1555,NAUTALIA VIAJES,33119,Nautalia_855_OutplantRadiusMadrid,TRUE,traveltinohoteles,5,TRUE,0.3,5.3
1555,NAUTALIA VIAJES,33121,Nautalia_862_VacacionalColectivosEmpresasMadrid,TRUE,traveltinohoteles,5,TRUE,0.3,5.3
1555,NAUTALIA VIAJES,33122,Nautalia_860_ImplantSidenorBasuari,TRUE,traveltinohoteles,5,TRUE,0.3,5.3
1555,NAUTALIA VIAJES,33123,Nautalia_861_BTCVigo,TRUE,traveltinohoteles,5,TRUE,0.3,5.3
200,LCI-MTC,4504,LCI-MTC B2C,TRUE,traveltinohoteles,4,FALSE,0.3,4.3
258,Tailorbeds,4505,TAILORBEDS LT,TRUE,traveltinohoteles,4.5,TRUE,0.3,4.8
158,Altura,4651,Altura,TRUE,traveltinohoteles,4.5,TRUE,0.3,4.8
155,Abreu,4935,AbreuXML,FALSE,traveltinohoteles,5.5,TRUE,0.3,5.8
166,Sololé,4870,Sololé XML,FALSE,traveltinohoteles,15,TRUE,0.3,15.3
1789,Grupo Avoris,5141,Welcomebeds GBT XML,TRUE,traveltinohoteles,6.5,TRUE,0.3,6.8
165,World2Meet,5612,W2M B2C,TRUE,traveltinohoteles,5,TRUE,0.3,5.3
1789,Grupo Avoris,5142,Welcomebeds GTC XML,TRUE,traveltinohoteles,6.5,TRUE,0.3,6.8
165,World2Meet,5134,W2M PRO,TRUE,traveltinohoteles,5,TRUE,0.3,5.3
174,Jumbo,5090,Jumbo Tours DP,TRUE,traveltinohoteles,3.5,TRUE,0.3,3.8
283,Carrefour Viajes,5816,Viajes Carrefour,TRUE,traveltinohoteles,4.5,TRUE,0.3,4.8
288,Gattinoni,5848,GATTINONI MONDO DI VACANZE,TRUE,traveltinohoteles,3.5,TRUE,0.3,3.8
1555,NAUTALIA VIAJES,32867,Nautalia_232_cadiz,TRUE,traveltinohoteles,5,TRUE,0.3,5.3
858,Hotelston SLU,11769,Hotelston SLU,TRUE,traveltinohoteles,5,TRUE,0.3,5.3
310,Go Global Travel LTD,8709,Go Global Travel SH,TRUE,traveltinohoteles,6.5,TRUE,0.3,6.8
1618,Bedsopia,33146,Bedsopia,TRUE,smyroomsae,3,FALSE,0.3,3.3
338,Stayforlong,30830,Stayforlong Mobile,TRUE,traveltinohoteles,6,TRUE,0.3,6.3
1555,NAUTALIA VIAJES,32985,Nautalia_312_Elda,TRUE,traveltinohoteles,5,TRUE,0.3,5.3
1555,NAUTALIA VIAJES,32997,Nautalia_523_Valladolid,TRUE,traveltinohoteles,5,TRUE,0.3,5.3
1555,NAUTALIA VIAJES,33068,Nautalia_786_Madrid,TRUE,traveltinohoteles,5,TRUE,0.3,5.3
1555,NAUTALIA VIAJES,33080,Nautalia_646_Madrid,TRUE,traveltinohoteles,5,TRUE,0.3,5.3
296,Ezeerooms,5896,Ezeerooms,FALSE,smyroomsae,2,TRUE,0.3,2.3
1717,LA RUTA VIAJERA,33844,LA RUTA VIAJERA,TRUE,traveltinohoteles,4,TRUE,0.3,4.3
316,Dubai Link,6051,Dubai Link,TRUE,smyroomsae,4.5,FALSE,0.3,4.8
302,Itinerary planner,5951,TRP WORLD,TRUE,smyroomsae,3.5,TRUE,0.3,3.8
262,Ostrovok,5462,OSTROVOK  B2C Dir,TRUE,smyroomsae,5,TRUE,0.3,5.3
262,Ostrovok,5786,OSTROVOK  Retail,TRUE,smyroomsae,5,FALSE,0.3,5.3
1555,NAUTALIA VIAJES,32973,Nautalia_780_CasasIbañez,TRUE,traveltinohoteles,5,TRUE,0.3,5.3
1555,NAUTALIA VIAJES,33429,Nautalia_879_OutplantDraguer,TRUE,traveltinohoteles,5,TRUE,0.3,5.3
1717,LA RUTA VIAJERA,33986,La Ruta Viajera (MX),TRUE,smyroomsmx,4,TRUE,0.3,4.3
884,LOGÍSTICA VIAJES,34209,LOGÍSTICA VIAJES (ES),TRUE,traveltinohoteles,4,TRUE,0.2,4.2
884,LOGÍSTICA VIAJES,33990,Logística Viajes y Bodas (MX),TRUE,smyroomsmx,4,TRUE,0.2,4.2
246,Hoojoozat,5138,Hoojoozat,TRUE,smyroomsae,3,FALSE,0.3,3.3
1496,Explore Hotels & Restaurants Management WLL,30952,Explore Hotels & Restaurants Management WLL,TRUE,smyroomsae,3,TRUE,0.3,3.3
1484,Smile Holidays,30802,Smile For Hotel & Realestate Booking Co. WLL,TRUE,smyroomsae,4.5,TRUE,0.3,4.8
691,Nexus,10938,Nexus B2C (Barbados),FALSE,smyroomsuy,4,TRUE,0.3,4.3
691,Nexus,11725,Nexus EUR B2C,FALSE,smyroomsuy,4.5,TRUE,0.3,4.8
691,Nexus,11774,Nexus DP,FALSE,smyroomsuy,4.5,TRUE,0.3,4.8
803,Record Vacation,11263,Record Vacation,FALSE,smyroomsuy,3.8,TRUE,0.2,4
803,Record Vacation,34133,Record Vacation (ES),FALSE,traveltinohoteles,4,TRUE,0.2,4.2
388,Jagman,7797,JAGMAN,TRUE,smyroomsae,2.5,TRUE,0.3,2.8
1555,NAUTALIA VIAJES,33054,Nautalia_613_AlcalaDeHenares,TRUE,traveltinohoteles,5,TRUE,0.3,5.3
1852,VIAGGIANTE,34328,VIAGGIANTE,TRUE,traveltinohoteles,4,TRUE,0.3,4.3
126,Destinations Of The World,4876,Destinations Of The World AE EXP,FALSE,smyroomsae,6,TRUE,0.3,6.3
1527,ROYAL AMBASSADOR,31383,ROYAL AMBASSADOR,TRUE,smyroomsae,2.5,FALSE,0.3,2.8
314,Within Earth Holidays,31335,Within Earth Holidays,TRUE,smyroomsae,3.5,TRUE,0.2,3.7
1555,NAUTALIA VIAJES,33035,Nautalia_673_Madrid,TRUE,traveltinohoteles,5,TRUE,0.3,5.3
1555,NAUTALIA VIAJES,32940,Nautalia_533_Mieres,TRUE,traveltinohoteles,5,TRUE,0.3,5.3
1555,NAUTALIA VIAJES,33011,Nautalia_412_Barcelona,TRUE,traveltinohoteles,5,TRUE,0.3,5.3
1555,NAUTALIA VIAJES,33023,Nautalia_514_SantiagoDeCompostela,TRUE,traveltinohoteles,5,TRUE,0.3,5.3
623,MG BEDBANK,8700,MG Bedbank,TRUE,smyroomsae,4.3,FALSE,0.2,4.5
1555,NAUTALIA VIAJES,32909,Nautalia_333_Zaragoza,TRUE,traveltinohoteles,5,TRUE,0.3,5.3
1555,NAUTALIA VIAJES,33004,Nautalia_437_Barcelona,TRUE,traveltinohoteles,5,TRUE,0.3,5.3
1555,NAUTALIA VIAJES,33016,Nautalia_454_Barcelona,TRUE,traveltinohoteles,5,TRUE,0.3,5.3
1555,NAUTALIA VIAJES,32878,Nautalia_220_Cordoba,TRUE,traveltinohoteles,5,TRUE,0.3,5.3
1555,NAUTALIA VIAJES,32949,Nautalia_612_Arrecife,TRUE,traveltinohoteles,5,TRUE,0.3,5.3
185,Travel Up,11506,Travel Up Hotels - Meta,TRUE,traveltinohoteles,4.2,TRUE,0.3,4.5
1555,NAUTALIA VIAJES,32930,Nautalia_531_Gijon,TRUE,traveltinohoteles,5,TRUE,0.3,5.3
1555,NAUTALIA VIAJES,33048,Nautalia_620_Alcorcon,TRUE,traveltinohoteles,5,TRUE,0.3,5.3
803,Record Vacation,33989,Record Vacation (MX),TRUE,smyroomsmx,4,TRUE,0.2,4.2
1555,NAUTALIA VIAJES,32923,Nautalia_357_Alzira,TRUE,traveltinohoteles,5,TRUE,0.3,5.3
338,Stayforlong,6288,STAYFORLONG,TRUE,traveltinohoteles,6,TRUE,0.3,6.3
1555,NAUTALIA VIAJES,33094,Nautalia_451_Tarragona,TRUE,traveltinohoteles,5,TRUE,0.3,5.3
262,Ostrovok,5304,OSTROVOK B2B Dir,TRUE,smyroomsae,5,TRUE,0.3,5.3
1555,NAUTALIA VIAJES,33431,Nautalia_880_INPLANT LEROY MERLIN,TRUE,traveltinohoteles,5,TRUE,0.3,5.3
1413,Galaxy Travel,21009,Galaxy Travel ,TRUE,smyroomsae,3.5,TRUE,0.3,3.8
884,LOGÍSTICA VIAJES,11936,LOGÍSTICA VIAJES,FALSE,smyroomsuy,100,FALSE,0.2,100.2
1555,NAUTALIA VIAJES,32885,Nautalia_341_Palma,TRUE,traveltinohoteles,5,TRUE,0.3,5.3
1555,NAUTALIA VIAJES,32897,Nautalia_143_Bilbao,TRUE,traveltinohoteles,5,TRUE,0.3,5.3
1555,NAUTALIA VIAJES,32944,Nautalia_340_Xirivella,TRUE,traveltinohoteles,5,TRUE,0.3,5.3
1555,NAUTALIA VIAJES,32968,Nautalia_641_AzuquecadeHenares,TRUE,traveltinohoteles,5,TRUE,0.3,5.3
691,Nexus,11724,Nexus EUR B2B,FALSE,smyroomsuy,4.5,TRUE,0.3,4.8
219,Travelor,4938,Travelor,TRUE,traveltinohoteles,5,TRUE,0.3,5.3
1555,NAUTALIA VIAJES,33103,Nautalia_817_BTCValencia,TRUE,traveltinohoteles,5,TRUE,0.3,5.3
1555,NAUTALIA VIAJES,33084,Nautalia_627_Madrid,TRUE,traveltinohoteles,5,TRUE,0.3,5.3
1555,NAUTALIA VIAJES,32906,Nautalia_336_Zaragoza,TRUE,traveltinohoteles,5,TRUE,0.3,5.3
1555,NAUTALIA VIAJES,32918,Nautalia_131_Alava,TRUE,traveltinohoteles,5,TRUE,0.3,5.3
1555,NAUTALIA VIAJES,33001,Nautalia_438_Barcelona,TRUE,traveltinohoteles,5,TRUE,0.3,5.3
1555,NAUTALIA VIAJES,33013,Nautalia_449_Barcelona,TRUE,traveltinohoteles,5,TRUE,0.3,5.3
298,Karavel,5906,Karavel,FALSE,traveltinohoteles,0,FALSE,0.3,0.3
1569,Saltours International Ltd,32804,Saltours International Ltd,TRUE,smyroomsae,3,TRUE,0.3,3.3
1461,BM Tours,22018,BM Tours,TRUE,smyroomsuy,100,FALSE,0.3,100.3
1458,Multitravel.com,21981,Multitravel.com,TRUE,traveltinohoteles,4.8,TRUE,0.3,5.1
1555,NAUTALIA VIAJES,33077,Nautalia_92_Madrid,TRUE,traveltinohoteles,5,TRUE,0.3,5.3
1555,NAUTALIA VIAJES,33089,Nautalia_634_Madrid,TRUE,traveltinohoteles,5,TRUE,0.3,5.3
1439,World Explorer,21241,World Explorer,TRUE,smyroomsae,4.5,TRUE,0.3,4.8
814,Almosafer International Travel and Tourism,20703,Almosafer TGX B2B,TRUE,smyroomsae,3.5,TRUE,0.3,3.8
1400,Cosmobeds,20765,COSMOBEDS TRAVEL DMCC,TRUE,smyroomsae,3.5,TRUE,0.3,3.8
262,Ostrovok,20776,OSTROVOK METASEARCH TPP,TRUE,smyroomsae,5,TRUE,0.3,5.3
262,Ostrovok,20791,OSTROVOK B2C TPP,TRUE,smyroomsae,5,TRUE,0.3,5.3
1398,B2BHOLIDAYS,20711,B2bholidays_CUG,TRUE,smyroomsae,4.5,TRUE,0.3,4.8
1446,PEAKPOINT,21532,Peakpoint_B2B,TRUE,smyroomsae,3.5,FALSE,0.3,3.8
1446,PEAKPOINT,21533,Peakpoint_B2C,TRUE,smyroomsae,3.5,FALSE,0.3,3.8
691,Nexus,9842,Nexus (Barbados),FALSE,smyroomsuy,4,TRUE,0.3,4.3
879,Meituan,11922,MEITUAN & DIANPING,TRUE,smyroomsae,3,TRUE,0.2,3.2
1435,Nexo,21194,Nexo,TRUE,traveltinohoteles,4,TRUE,0.3,4.3
518,Destination Italia,21984,Destination Italia WEB,TRUE,smyroomsae,4,TRUE,0.2,4.2
126,Destinations Of The World,30701,Destinations of the World WH B2B,TRUE,smyroomsae,4.5,TRUE,0.3,4.8
814,Almosafer International Travel and Tourism,30718,Almosafer TGX Retail,TRUE,smyroomsae,3.5,TRUE,0.3,3.8
1473,MORESAND,30696,MORESAND,TRUE,smyroomsae,4,TRUE,0.3,4.3
1481,Rida International Tourism and Travel,30770,Rida International Tourism and Travel,TRUE,smyroomsae,3,FALSE,0.3,3.3
262,Ostrovok,11436,OSTROVOK  B2B Tpp,FALSE,smyroomsae,5,TRUE,0.3,5.3
